<?xml version="1.0" encoding="utf-8"?>
<LocalizeDataList xmlns:xsi="http://www.w3.org/2001/XMLSchema-instance" xmlns:xsd="http://www.w3.org/2001/XMLSchema">
  <list>
    <LocalizeData>
      <id>UI_Btn_UpdateCheck</id>
      <value>Обновить Менеджер</value>
    </LocalizeData>
    <LocalizeData>
      <id>UI_Btn_Apply</id>
      <value>Применить</value>
    </LocalizeData>
    <LocalizeData>
      <id>UI_Text_sidSetting</id>
      <value>Настройки сида</value>
    </LocalizeData>

    <LocalizeData>
      <id>UI_Text_UpdateCheck_check</id>
      <value>Проверяем обновления...</value>
    </LocalizeData>
    <LocalizeData>
      <id>UI_Text_UpdateCheck_error</id>
      <value>Ошибка доступа</value>
    </LocalizeData>
    <LocalizeData>
      <id>UI_Text_UpdateCheck_recent</id>
      <value>Последняя версия</value>
    </LocalizeData>
    <LocalizeData>
      <id>UI_Text_UpdateCheck_exist</id>
      <value>Есть обновление</value>
    </LocalizeData>

    <LocalizeData>
      <id>UI_Text_sidCheck_check</id>
      <value>Проверка сеанса...</value>
    </LocalizeData>
    <LocalizeData>
      <id>UI_Text_sidCheck_ok</id>
      <value>Всё работает</value>
    </LocalizeData>
    <LocalizeData>
      <id>UI_Text_sidCheck_error</id>
      <value>Ошибка в сеансе!</value>
    </LocalizeData>

    <LocalizeData>
      <id>UI_Btn_Language</id>
      <value>Change Language</value>
    </LocalizeData>

    <LocalizeData>
      <id>UI_Text_updateWarn</id>
      <value>Updates are only possible after session settings have been completed.</value>
    </LocalizeData>

  </list>
</LocalizeDataList>