<?xml version="1.0" encoding="utf-8"?>
<LocalizeDataList xmlns:xsi="http://www.w3.org/2001/XMLSchema-instance" xmlns:xsd="http://www.w3.org/2001/XMLSchema">
  <list>
    <LocalizeData>
      <id>UI_Btn_gotoModPage</id>
      <value>ModPage</value>
    </LocalizeData>
    <LocalizeData>
      <id>UI_Btn_Search</id>
      <value>Search</value>
    </LocalizeData>

    <LocalizeData>
      <id>UI_Btn_PageMove</id>
      <value>Move</value>
    </LocalizeData>

    <LocalizeData>
      <id>UI_Btn_Subscribe_yes</id>
      <value>Subscribing</value>
    </LocalizeData>
    <LocalizeData>
      <id>UI_Btn_Subscribe_do</id>
      <value>Subscribe</value>
    </LocalizeData>


  </list>
</LocalizeDataList>