<?xml version="1.0" encoding="utf-8"?>
<LocalizeDataList xmlns:xsi="http://www.w3.org/2001/XMLSchema-instance" xmlns:xsd="http://www.w3.org/2001/XMLSchema">
  <list>
    <LocalizeData>
      <id>UI_Btn_gotoModPage</id>
      <value>모드 페이지로</value>
    </LocalizeData>
    <LocalizeData>
      <id>UI_Btn_Search</id>
      <value>검색</value>
    </LocalizeData>

    <LocalizeData>
      <id>UI_Btn_PageMove</id>
      <value>이동</value>
    </LocalizeData>

    <LocalizeData>
      <id>UI_Btn_Subscribe_yes</id>
      <value>구독 중</value>
    </LocalizeData>
    <LocalizeData>
      <id>UI_Btn_Subscribe_do</id>
      <value>구독</value>
    </LocalizeData>


  </list>
</LocalizeDataList>